region,infusion2,animal,area,nfos,ntrap,ncoloc,density_fos,density_trap,density_coloc,pc_fos_coloc,pc_trap_coloc
arcuate,casein,FT102,0.0,0.0,0.0,0.0,,,,,
arcuate,casein,FT103,,,,,,,,,
arcuate,casein,FT104,26813.5,6.5,8.25,0.75,21.612006671130956,32.250429771214556,2.6140108441404153,11.666666666666666,8.116883116883116
arcuate,casein,FT105,,,,,,,,,
arcuate,casein,FT106,,,,,,,,,
arcuate,casein,FT108,,,,,,,,,
arcuate,casein,FT109,,,,,,,,,
arcuate,casein,FT110,,,,,,,,,
arcuate,casein,FT111,,,,,,,,,
arcuate,casein,FT112,,,,,,,,,
arcuate,casein,FT114,,,,,,,,,
arcuate,casein,FT116,21467.5,5.5,2.25,0.75,26.44929712088083,11.3248678199277,3.7379054685138438,17.5,27.777777777777775
arcuate,casein,FT118,30243.666666666668,2.3333333333333335,17.0,0.6666666666666666,7.472909771147972,58.93609075866019,2.2883432425875445,43.05555555555556,3.2661782661782666
arcuate,casein,FT119,,,,,,,,,
arcuate,casein,FT120,21730.666666666668,3.0,5.833333333333333,0.8333333333333334,14.158719824169081,26.032234929368602,3.772617984458595,29.166666666666668,11.435185185185185
arcuate,casein,FT126,23079.5,4.0,4.5,0.75,18.477265800660863,19.877427064068513,3.6119695139210233,11.25,12.499999999999998
arcuate,casein,FT127,,,,,,,,,
arcuate,casein,FT128,29478.5,8.5,14.25,3.25,27.383763586075396,47.11381917678244,10.528340095176153,53.75,21.233193277310924
arcuate,casein,FT131,,,,,,,,,
arcuate,casein,FT133,,,,,,,,,
arcuate,casein,FT134,24152.0,4.166666666666667,5.5,2.0,18.88443811741867,21.64131145152966,8.825339012897297,50.83333333333333,55.72649572649573
arcuate,casein,FT136,,,,,,,,,
arcuate,casein,FT137,25856.666666666668,1.8333333333333333,3.0,0.0,6.799660209963847,11.491883007957417,0.0,0.0,0.0
arcuate,casein,FT138,,,,,,,,,
arcuate,casein,FT139,20455.5,7.25,5.25,0.5,34.022644939226396,24.098580196027214,1.8092998009770218,3.8461538461538463,5.0
arcuate,casein,FT140,,,,,,,,,
arcuate,casein,FT141,,,,,,,,,
arcuate,casein,FT144,,,,,,,,,
arcuate,casein,FT145,15644.0,0.0,8.0,0.0,0.0,49.86761601435428,0.0,,0.0
arcuate,casein,FT147,,,,,,,,,
arcuate,casein,FT148,,,,,,,,,
arcuate,casein,FT149,,,,,,,,,
arcuate,casein,FT150,,,,,,,,,
arcuate,casein,FT151,22678.5,2.875,8.375,1.125,12.37903392312584,36.42720510199264,4.800807117356132,31.111111111111107,11.527777777777779
arcuate,casein,FT153,,,,,,,,,
arcuate,casein,FT154,22211.5,6.75,15.75,1.75,30.52804684299114,71.54256579954723,7.897726825811216,21.875,11.502313475997687
arcuate,casein,FT155,,,,,,,,,
arcuate,casein,FT157,,,,,,,,,
arcuate,casein,FT161,,,,,,,,,
arcuate,casein,FT162,,,,,,,,,
arcuate,casein,FT163,,,,,,,,,
arcuate,casein,FT164,,,,,,,,,
arcuate,casein,FT166,,,,,,,,,
arcuate,casein,FT167,,,,,,,,,
arcuate,casein,FT168,,,,,,,,,
arcuate,malt,FT102,,,,,,,,,
arcuate,malt,FT103,,,,,,,,,
arcuate,malt,FT104,,,,,,,,,
arcuate,malt,FT105,,,,,,,,,
arcuate,malt,FT106,,,,,,,,,
arcuate,malt,FT108,32407.0,6.2,9.2,1.4,20.207093622044432,28.120028506422198,4.446832308307885,20.303030303030305,18.6038961038961
arcuate,malt,FT109,22953.0,0.5,6.833333333333333,0.16666666666666666,2.1605596311229927,31.176708911432154,0.6199243692269544,33.333333333333336,3.3333333333333335
arcuate,malt,FT110,25621.333333333332,2.75,9.083333333333334,0.5833333333333334,10.817916756103592,35.32974016112335,2.2062516892680724,10.606060606060606,4.788359788359788
arcuate,malt,FT111,25959.166666666668,9.833333333333334,13.666666666666666,2.3333333333333335,38.887891694667374,52.567391473178304,9.17496395492756,21.052631578947366,13.39572192513369
arcuate,malt,FT112,,,,,,,,,
arcuate,malt,FT114,23576.75,5.25,7.25,1.0,21.317169981937315,29.10876088814655,4.086735461127136,23.731060606060606,23.939393939393938
arcuate,malt,FT116,,,,,,,,,
arcuate,malt,FT118,,,,,,,,,
arcuate,malt,FT119,28162.0,1.0,2.5,0.5,3.2880676026699107,8.505817579621015,1.6440338013349554,50.0,12.5
arcuate,malt,FT120,,,,,,,,,
arcuate,malt,FT126,,,,,,,,,
arcuate,malt,FT127,,,,,,,,,
arcuate,malt,FT128,,,,,,,,,
arcuate,malt,FT131,,,,,,,,,
arcuate,malt,FT133,,,,,,,,,
arcuate,malt,FT134,,,,,,,,,
arcuate,malt,FT136,,,,,,,,,
arcuate,malt,FT137,,,,,,,,,
arcuate,malt,FT138,,,,,,,,,
arcuate,malt,FT139,,,,,,,,,
arcuate,malt,FT140,24918.5,3.75,5.5,0.5,14.410137778953812,21.283062718325368,2.0105352044714304,8.333333333333332,8.333333333333332
arcuate,malt,FT141,,,,,,,,,
arcuate,malt,FT144,,,,,,,,,
arcuate,malt,FT145,,,,,,,,,
arcuate,malt,FT147,24424.5,5.75,5.25,0.25,24.08067831459262,21.188879422201396,1.1171187273783458,2.7777777777777777,3.125
arcuate,malt,FT148,,,,,,,,,
arcuate,malt,FT149,21782.0,2.6666666666666665,6.666666666666667,0.8333333333333334,12.997691801135455,29.91368092038849,3.811456766382978,31.666666666666664,13.888888888888886
arcuate,malt,FT150,,,,,,,,,
arcuate,malt,FT151,,,,,,,,,
arcuate,malt,FT153,,,,,,,,,
arcuate,malt,FT154,,,,,,,,,
arcuate,malt,FT155,,,,,,,,,
arcuate,malt,FT157,,,,,,,,,
arcuate,malt,FT161,18771.0,2.0,6.0,1.0,10.654733365297533,31.9642000958926,5.3273666826487664,50.0,16.666666666666664
arcuate,malt,FT162,25586.666666666668,7.5,6.833333333333333,2.0,27.994748609637167,26.004988650903172,7.247310126708597,19.30969030969031,19.015269151138714
arcuate,malt,FT163,27655.0,3.25,4.25,0.5,11.235672752525506,15.361973157287792,1.8388437350593947,20.0,6.666666666666667
arcuate,malt,FT164,24014.75,1.75,4.0,0.0,7.83167677159077,17.191216692704675,0.0,0.0,0.0
arcuate,malt,FT166,24394.2,4.2,1.6,0.4,16.833954771021045,6.3771929648574,1.7598662501649875,7.142857142857142,25.0
arcuate,malt,FT167,,,,,,,,,
arcuate,malt,FT168,20828.5,7.75,1.25,0.25,35.06180020281917,5.77434682496546,1.2652462169138115,2.2222222222222223,16.666666666666668
arcuate,water,FT102,,,,,,,,,
arcuate,water,FT103,14836.6,4.4,1.4,0.0,28.293632639530166,8.919287188035625,0.0,0.0,0.0
arcuate,water,FT104,,,,,,,,,
arcuate,water,FT105,26635.5,11.5,15.5,2.25,43.40492568876964,58.415306823382394,8.73748064789807,19.497863247863247,15.323886639676113
arcuate,water,FT106,,,,,,,,,
arcuate,water,FT108,,,,,,,,,
arcuate,water,FT109,,,,,,,,,
arcuate,water,FT110,,,,,,,,,
arcuate,water,FT111,,,,,,,,,
arcuate,water,FT112,22998.0,10.0,8.75,2.75,43.12602768477794,38.66356384145969,11.920757561427909,26.313131313131315,31.03174603174603
arcuate,water,FT114,,,,,,,,,
arcuate,water,FT116,,,,,,,,,
arcuate,water,FT118,,,,,,,,,
arcuate,water,FT119,,,,,,,,,
arcuate,water,FT120,,,,,,,,,
arcuate,water,FT126,,,,,,,,,
arcuate,water,FT127,24864.5,5.0,11.0,1.5,21.474260292844182,45.49553755945948,6.275155126943139,38.40136054421769,12.70274864024864
arcuate,water,FT128,,,,,,,,,
arcuate,water,FT131,25099.0,3.75,7.25,0.75,15.01425857808115,29.653604244006914,3.3914261854182257,25.0,29.545454545454547
arcuate,water,FT133,25350.0,2.3333333333333335,6.555555555555555,0.6666666666666666,9.189769588892304,25.15288832536195,2.54976806636725,43.214285714285715,22.59469696969697
arcuate,water,FT134,,,,,,,,,
arcuate,water,FT136,20527.0,5.166666666666667,8.666666666666666,0.8333333333333334,24.472635506544137,40.465443810516504,3.558167371287898,14.285714285714283,5.416666666666667
arcuate,water,FT137,,,,,,,,,
arcuate,water,FT138,21537.333333333332,5.5,6.333333333333333,1.1666666666666667,25.751002045644142,28.32602957574406,5.248906467332002,16.060606060606062,21.794871794871796
arcuate,water,FT139,,,,,,,,,
arcuate,water,FT140,,,,,,,,,
arcuate,water,FT141,,,,,,,,,
arcuate,water,FT144,,,,,,,,,
arcuate,water,FT145,,,,,,,,,
arcuate,water,FT147,,,,,,,,,
arcuate,water,FT148,22982.0,2.5,7.75,0.75,11.493587998752592,35.49639882816497,3.6525741540194616,22.5,7.083333333333333
arcuate,water,FT149,,,,,,,,,
arcuate,water,FT150,17694.666666666668,2.3333333333333335,13.333333333333334,0.6666666666666666,13.619462557369921,77.31045439186825,4.094922246806701,18.0,4.232804232804233
arcuate,water,FT151,,,,,,,,,
arcuate,water,FT153,22410.0,1.3333333333333333,1.8333333333333333,0.0,7.1058175524823595,6.470305949325906,0.0,0.0,0.0
arcuate,water,FT154,,,,,,,,,
arcuate,water,FT155,16904.666666666668,4.166666666666667,6.333333333333333,1.1666666666666667,24.80278109885238,37.03757452780919,6.706168509073435,18.055555555555554,13.518518518518519
arcuate,water,FT157,27539.0,5.833333333333333,3.0,0.6666666666666666,20.059621520215597,11.046566659713429,2.1583815061434137,8.380952380952381,18.666666666666664
arcuate,water,FT161,,,,,,,,,
arcuate,water,FT162,,,,,,,,,
arcuate,water,FT163,,,,,,,,,
arcuate,water,FT164,,,,,,,,,
arcuate,water,FT166,,,,,,,,,
arcuate,water,FT167,19035.0,0.5,2.8333333333333335,0.0,2.7126557924979466,15.05073034768334,0.0,0.0,0.0
arcuate,water,FT168,,,,,,,,,
caudateput,casein,FT102,0.0,0.0,0.0,0.0,,,,,
caudateput,casein,FT103,,,,,,,,,
caudateput,casein,FT104,1262869.8333333333,147.75,12.666666666666666,2.75,11.840367332553072,1.0804600690597632,0.22935508878783958,2.035360646134635,21.035908535908536
caudateput,casein,FT105,,,,,,,,,
caudateput,casein,FT106,1295369.6153846155,81.61538461538461,35.84615384615385,6.230769230769231,6.195129514029418,2.7562087537326336,0.44629418240463614,6.599702709087674,15.466360688860057
caudateput,casein,FT108,,,,,,,,,
caudateput,casein,FT109,,,,,,,,,
caudateput,casein,FT110,,,,,,,,,
caudateput,casein,FT111,,,,,,,,,
caudateput,casein,FT112,,,,,,,,,
caudateput,casein,FT114,,,,,,,,,
caudateput,casein,FT116,1345595.0,252.0,17.0,1.4,18.7927015396813,1.267330508744595,0.09990135771984336,0.552398377746803,8.077846457837383
caudateput,casein,FT118,1338757.0,64.41666666666667,42.166666666666664,4.0,4.650761109014399,3.3300815087169124,0.26930888660174707,5.69729725037998,8.95215830651146
caudateput,casein,FT119,,,,,,,,,
caudateput,casein,FT120,1499606.6666666667,107.41666666666667,46.0,4.166666666666667,7.3272415419658765,3.098692763755629,0.28434364388033945,3.6089343470782325,8.878523159949657
caudateput,casein,FT126,1241136.6923076923,84.76923076923077,70.76923076923077,6.923076923076923,9.023034685565367,6.2965589900903645,0.8109672700810479,8.333875023747222,11.864131490723272
caudateput,casein,FT127,,,,,,,,,
caudateput,casein,FT128,1262817.0,89.64285714285714,41.785714285714285,6.285714285714286,7.2697614351730655,3.3598105613782843,0.5133671022411935,7.092465875311335,15.113896690335185
caudateput,casein,FT131,,,,,,,,,
caudateput,casein,FT133,,,,,,,,,
caudateput,casein,FT134,1223619.6153846155,74.46153846153847,48.76923076923077,6.153846153846154,6.244572181057881,4.039164437712463,0.4978781860127674,10.060142442911118,12.383078756722817
caudateput,casein,FT136,,,,,,,,,
caudateput,casein,FT137,1329363.1666666667,69.16666666666667,26.25,2.5,5.108101646933174,1.96072507941581,0.19227015498276626,3.746242820113768,9.534652540117312
caudateput,casein,FT138,,,,,,,,,
caudateput,casein,FT139,1298379.5,106.66666666666667,75.5,7.833333333333333,8.44056671052448,5.917567538566068,0.6427096310039737,7.567326098553754,10.94126358954133
caudateput,casein,FT140,,,,,,,,,
caudateput,casein,FT141,,,,,,,,,
caudateput,casein,FT144,,,,,,,,,
caudateput,casein,FT145,1104911.5,40.583333333333336,23.166666666666668,2.9166666666666665,4.002194781909613,2.1832407170833723,0.2753689032352568,7.463342587575263,12.83083466400114
caudateput,casein,FT147,,,,,,,,,
caudateput,casein,FT148,,,,,,,,,
caudateput,casein,FT149,,,,,,,,,
caudateput,casein,FT150,,,,,,,,,
caudateput,casein,FT151,1145892.4,48.2,18.0,2.2,4.504431370394094,1.630743563881189,0.2024024666787958,4.312207292359511,13.716646915176327
caudateput,casein,FT153,,,,,,,,,
caudateput,casein,FT154,1251722.0,12.5,29.5,1.8333333333333333,1.0301847440711,2.335974216368213,0.15391839102614557,18.150390058284795,6.950939889536381
caudateput,casein,FT155,,,,,,,,,
caudateput,casein,FT157,,,,,,,,,
caudateput,casein,FT161,,,,,,,,,
caudateput,casein,FT162,,,,,,,,,
caudateput,casein,FT163,,,,,,,,,
caudateput,casein,FT164,,,,,,,,,
caudateput,casein,FT166,,,,,,,,,
caudateput,casein,FT167,,,,,,,,,
caudateput,casein,FT168,,,,,,,,,
caudateput,malt,FT102,,,,,,,,,
caudateput,malt,FT103,,,,,,,,,
caudateput,malt,FT104,,,,,,,,,
caudateput,malt,FT105,,,,,,,,,
caudateput,malt,FT106,,,,,,,,,
caudateput,malt,FT108,1551028.4,199.8,25.5,4.2,13.393840542697356,1.6895090011516678,0.28877908980752853,2.086298722569387,17.07239242468184
caudateput,malt,FT109,1200591.8333333333,80.91666666666667,26.333333333333332,3.1666666666666665,7.587274956652029,2.1815131471153424,0.2809192506075096,4.502213984685788,13.224950871228232
caudateput,malt,FT110,1528215.5,31.5,66.25,2.25,2.08785885284216,4.17320151474488,0.15403937679115492,6.40302679776364,5.160154982148653
caudateput,malt,FT111,1298341.3333333333,208.0,28.5,4.75,15.74116966346601,2.1476804867292087,0.34589138402146197,2.069353690204398,16.369444965522298
caudateput,malt,FT112,,,,,,,,,
caudateput,malt,FT114,1280486.0909090908,96.45454545454545,17.454545454545453,2.3636363636363638,7.842644262534364,1.3946325897300522,0.1825869814187466,2.6601699495434934,12.435764992583175
caudateput,malt,FT116,,,,,,,,,
caudateput,malt,FT118,,,,,,,,,
caudateput,malt,FT119,1352052.3333333333,100.25,26.416666666666668,2.9166666666666665,7.088989916884017,1.941208578909773,0.19071185537646076,2.501172426426271,9.574829249326678
caudateput,malt,FT120,,,,,,,,,
caudateput,malt,FT126,,,,,,,,,
caudateput,malt,FT127,,,,,,,,,
caudateput,malt,FT128,,,,,,,,,
caudateput,malt,FT131,,,,,,,,,
caudateput,malt,FT133,,,,,,,,,
caudateput,malt,FT134,,,,,,,,,
caudateput,malt,FT136,,,,,,,,,
caudateput,malt,FT137,,,,,,,,,
caudateput,malt,FT138,,,,,,,,,
caudateput,malt,FT139,,,,,,,,,
caudateput,malt,FT140,1352004.5,109.25,19.666666666666668,3.0,8.910935365211508,1.4960804108525314,0.23894677797594047,2.617520937138795,14.921400724032303
caudateput,malt,FT141,,,,,,,,,
caudateput,malt,FT144,1144071.6666666667,27.166666666666668,22.666666666666668,1.6666666666666667,2.3613356607250258,2.0466945867757214,0.15622949862810157,8.05469552222355,7.859126984126983
caudateput,malt,FT145,,,,,,,,,
caudateput,malt,FT147,1298851.3333333333,31.666666666666668,25.0,1.0833333333333333,2.5468695438056117,1.9585828661038762,0.11792485958845512,4.153161199729827,5.772297018427049
caudateput,malt,FT148,,,,,,,,,
caudateput,malt,FT149,1169764.6,30.6,33.3,4.6,2.5821287710967384,2.902236715128177,0.40481402637871894,16.240673275486095,14.319878660374474
caudateput,malt,FT150,,,,,,,,,
caudateput,malt,FT151,,,,,,,,,
caudateput,malt,FT153,,,,,,,,,
caudateput,malt,FT154,,,,,,,,,
caudateput,malt,FT155,,,,,,,,,
caudateput,malt,FT157,,,,,,,,,
caudateput,malt,FT161,1237584.0714285714,26.178571428571427,11.535714285714286,0.7142857142857143,2.365786952618678,0.9538587811618973,0.05083538200179103,2.826937925622136,5.627745270602413
caudateput,malt,FT162,1181996.0,32.42307692307692,28.153846153846153,1.0769230769230769,2.658456044790434,2.3458278192446462,0.0933054224821826,1.386022976713553,2.757164562790587
caudateput,malt,FT163,1219789.0,6.583333333333333,53.75,2.25,0.5231957596391505,4.379997225388628,0.17271083393560824,33.33333333333333,3.633499584506618
caudateput,malt,FT164,1193713.3333333333,10.25,36.666666666666664,2.3333333333333335,0.9287948879914345,3.0550922224424824,0.20423949606308597,24.707748638908058,5.318637658295035
caudateput,malt,FT166,1196692.1666666667,22.416666666666668,15.833333333333334,1.5,1.9495082917320028,1.33123950702898,0.13264134239804923,3.5718635395359537,6.083683473389356
caudateput,malt,FT167,,,,,,,,,
caudateput,malt,FT168,1245465.5,20.25,11.583333333333334,2.0,1.7564398230099554,0.9621472956283311,0.16489219426760404,8.344178538144055,12.20955976390759
caudateput,water,FT102,,,,,,,,,
caudateput,water,FT103,1173705.1666666667,168.91666666666666,6.0,0.4166666666666667,14.157018739974523,0.5024557879052036,0.05023719106808377,0.3537083449364151,7.7134986225895315
caudateput,water,FT104,,,,,,,,,
caudateput,water,FT105,1219176.8333333333,192.66666666666666,38.833333333333336,5.5,16.04332693009241,3.182068341267202,0.44694492828630733,2.8286129741312074,14.14818429054906
caudateput,water,FT106,,,,,,,,,
caudateput,water,FT108,,,,,,,,,
caudateput,water,FT109,,,,,,,,,
caudateput,water,FT110,,,,,,,,,
caudateput,water,FT111,,,,,,,,,
caudateput,water,FT112,1402162.3333333333,35.888888888888886,22.88888888888889,1.1111111111111112,2.63253995666375,1.69967790960309,0.07413177284859616,3.234795438456514,4.9485329909306515
caudateput,water,FT114,,,,,,,,,
caudateput,water,FT116,,,,,,,,,
caudateput,water,FT118,,,,,,,,,
caudateput,water,FT119,,,,,,,,,
caudateput,water,FT120,,,,,,,,,
caudateput,water,FT126,,,,,,,,,
caudateput,water,FT127,1261601.6666666667,66.66666666666667,35.22222222222222,2.6666666666666665,5.345840485130329,2.8225299625058393,0.18731190843677295,3.3677925369798727,6.908609533291755
caudateput,water,FT128,,,,,,,,,
caudateput,water,FT131,1181702.6,60.5,38.4,2.9,5.549658131081107,3.281286429097021,0.26986678882523985,4.6572436324708395,7.7999472612721945
caudateput,water,FT133,1288794.6666666667,60.958333333333336,34.875,3.5833333333333335,5.115818577077042,2.8409314662588407,0.32538059382284884,5.277343381457541,9.17902475777923
caudateput,water,FT134,,,,,,,,,
caudateput,water,FT136,1372973.3333333333,85.75,20.583333333333332,1.9166666666666667,6.865896224922991,1.547202340680738,0.15598782386136947,2.303609633364694,9.342479944770517
caudateput,water,FT137,,,,,,,,,
caudateput,water,FT138,1303467.3636363635,109.0,42.27272727272727,5.818181818181818,8.790172789391105,3.264039575440074,0.4611970163029693,5.631539850545192,13.95158775583095
caudateput,water,FT139,,,,,,,,,
caudateput,water,FT140,,,,,,,,,
caudateput,water,FT141,977548.5,65.0,9.0,1.75,6.353653580305124,0.8677041448454672,0.16280845702282137,1.7276523814258726,16.46825396825397
caudateput,water,FT144,,,,,,,,,
caudateput,water,FT145,,,,,,,,,
caudateput,water,FT147,,,,,,,,,
caudateput,water,FT148,1193113.1666666667,18.666666666666668,32.666666666666664,2.0,1.6782294826743762,2.782080432471528,0.16494836351249229,12.143962208191455,6.217512854945871
caudateput,water,FT149,,,,,,,,,
caudateput,water,FT150,1132467.0,31.333333333333332,43.5,5.833333333333333,2.749888165528205,3.8676496964325744,0.5345068745035463,21.66417515943024,13.890439551759647
caudateput,water,FT151,,,,,,,,,
caudateput,water,FT153,1170507.3333333333,23.416666666666668,7.583333333333333,0.25,2.1232667874264393,0.6048268088709571,0.02351769504696497,0.9104199893673578,4.109274563820018
caudateput,water,FT154,,,,,,,,,
caudateput,water,FT155,,,,,,,,,
caudateput,water,FT157,1101780.75,28.875,14.125,1.125,2.4870423375989192,1.294851593493447,0.1131331569378935,5.319697061044722,8.890056022408963
caudateput,water,FT161,,,,,,,,,
caudateput,water,FT162,,,,,,,,,
caudateput,water,FT163,,,,,,,,,
caudateput,water,FT164,,,,,,,,,
caudateput,water,FT166,,,,,,,,,
caudateput,water,FT167,1205272.6666666667,9.416666666666666,13.833333333333334,3.5,0.7979000611761128,1.1362605742401855,0.2780197912433304,43.9432448642975,24.228664853664853
caudateput,water,FT168,,,,,,,,,
lathypo,casein,FT102,0.0,0.0,0.0,0.0,,,,,
lathypo,casein,FT103,,,,,,,,,
lathypo,casein,FT104,185283.2,63.0,23.5,9.2,34.60358092835232,12.121475557342762,4.820652450785436,13.615508260568863,39.73468562900847
lathypo,casein,FT105,,,,,,,,,
lathypo,casein,FT106,256028.0,43.0,32.0,6.0,16.95634313580708,12.452228308056021,2.4485189163317598,13.658536585365853,20.23809523809524
lathypo,casein,FT108,,,,,,,,,
lathypo,casein,FT109,,,,,,,,,
lathypo,casein,FT110,,,,,,,,,
lathypo,casein,FT111,,,,,,,,,
lathypo,casein,FT112,,,,,,,,,
lathypo,casein,FT114,,,,,,,,,
lathypo,casein,FT116,190236.33333333334,89.0,13.666666666666666,5.0,47.36575156799358,7.610118407771289,2.784131347473405,4.9937544208165905,33.65384615384615
lathypo,casein,FT118,212726.5,45.75,56.75,14.0,21.28526366204252,27.88317654563713,6.607125566545494,32.19223742551317,25.977645122381965
lathypo,casein,FT119,,,,,,,,,
lathypo,casein,FT120,226078.66666666666,44.666666666666664,41.833333333333336,9.5,20.883983272040528,18.41253639974056,4.330083424050437,24.8887577465476,23.384640051306718
lathypo,casein,FT126,184893.375,52.125,38.0,9.75,28.74274145160465,21.538892790628648,5.254147998896389,18.32076928397719,25.132921188673766
lathypo,casein,FT127,,,,,,,,,
lathypo,casein,FT128,226759.66666666666,84.0,58.666666666666664,20.5,37.77510884440343,25.941016528668538,9.145837350187765,24.066101852473125,36.20158275457815
lathypo,casein,FT131,,,,,,,,,
lathypo,casein,FT133,,,,,,,,,
lathypo,casein,FT134,186665.75,49.5,43.375,12.625,26.78671778226898,22.150467002109874,6.362024055629702,23.76613920224468,28.22546337953568
lathypo,casein,FT136,,,,,,,,,
lathypo,casein,FT137,211642.33333333334,54.666666666666664,29.166666666666668,8.166666666666666,26.840430957742104,13.22084969670984,3.760446032895286,16.452565570936265,29.578134284016638
lathypo,casein,FT138,,,,,,,,,
lathypo,casein,FT139,186835.4,54.1,15.7,5.4,29.69732936584141,7.97624765750931,2.7251370074921617,10.15312721269812,34.62102465817636
lathypo,casein,FT140,,,,,,,,,
lathypo,casein,FT141,,,,,,,,,
lathypo,casein,FT144,,,,,,,,,
lathypo,casein,FT145,180817.16666666666,25.166666666666668,38.166666666666664,7.166666666666667,14.93016660649843,21.643550714727454,4.202770826819276,30.737534789376856,20.79007401757211
lathypo,casein,FT147,,,,,,,,,
lathypo,casein,FT148,,,,,,,,,
lathypo,casein,FT149,,,,,,,,,
lathypo,casein,FT150,,,,,,,,,
lathypo,casein,FT151,206845.2857142857,40.285714285714285,41.0,9.714285714285714,19.33038875517958,19.986423170515472,4.677852563899873,25.23494175682958,26.439372922010957
lathypo,casein,FT153,,,,,,,,,
lathypo,casein,FT154,225918.0,54.833333333333336,55.333333333333336,14.333333333333334,24.35140448397745,24.43345598913812,6.319525370403774,26.8102851168474,29.18130626580837
lathypo,casein,FT155,,,,,,,,,
lathypo,casein,FT157,,,,,,,,,
lathypo,casein,FT161,,,,,,,,,
lathypo,casein,FT162,,,,,,,,,
lathypo,casein,FT163,,,,,,,,,
lathypo,casein,FT164,,,,,,,,,
lathypo,casein,FT166,,,,,,,,,
lathypo,casein,FT167,,,,,,,,,
lathypo,casein,FT168,,,,,,,,,
lathypo,malt,FT102,,,,,,,,,
lathypo,malt,FT103,,,,,,,,,
lathypo,malt,FT104,,,,,,,,,
lathypo,malt,FT105,,,,,,,,,
lathypo,malt,FT106,,,,,,,,,
lathypo,malt,FT108,229012.14285714287,66.28571428571429,34.142857142857146,9.428571428571429,28.786175150787525,15.004665249754805,4.1256930399913525,15.467027696918048,26.244606437206055
lathypo,malt,FT109,193514.6,52.2,32.8,9.8,27.701747893190895,16.409493931979654,5.109537011752103,18.727871148459386,34.56765456765457
lathypo,malt,FT110,226163.16666666666,48.916666666666664,59.916666666666664,13.916666666666666,21.79621044988815,25.95181801603753,6.093518126051079,27.638561726628875,24.7452481970239
lathypo,malt,FT111,219709.33333333334,69.83333333333333,45.0,15.333333333333334,31.79227351155187,19.768415796870915,6.892858865656142,21.086303617263372,36.17598369506615
lathypo,malt,FT112,,,,,,,,,
lathypo,malt,FT114,189062.0,78.75,28.125,10.875,40.29289634229549,14.862297250785456,5.477201000699962,14.367426667958583,38.64713762445111
lathypo,malt,FT116,,,,,,,,,
lathypo,malt,FT118,,,,,,,,,
lathypo,malt,FT119,244547.66666666666,73.66666666666667,27.666666666666668,10.333333333333334,30.283921498691484,11.30589566801247,4.23779816781729,14.498079100593463,39.65325224292615
lathypo,malt,FT120,,,,,,,,,
lathypo,malt,FT126,,,,,,,,,
lathypo,malt,FT127,,,,,,,,,
lathypo,malt,FT128,,,,,,,,,
lathypo,malt,FT131,,,,,,,,,
lathypo,malt,FT133,,,,,,,,,
lathypo,malt,FT134,,,,,,,,,
lathypo,malt,FT136,,,,,,,,,
lathypo,malt,FT137,,,,,,,,,
lathypo,malt,FT138,,,,,,,,,
lathypo,malt,FT139,,,,,,,,,
lathypo,malt,FT140,187225.57142857142,65.42857142857143,30.857142857142858,9.0,43.91792593811397,21.63248524484784,6.420095350773967,14.180995205698922,28.377590036360555
lathypo,malt,FT141,,,,,,,,,
lathypo,malt,FT144,,,,,,,,,
lathypo,malt,FT145,,,,,,,,,
lathypo,malt,FT147,216273.25,43.625,37.5,8.375,22.046376072156793,17.0051017825302,3.8725732653016713,20.192010371276783,24.13384906719903
lathypo,malt,FT148,,,,,,,,,
lathypo,malt,FT149,195712.0,48.666666666666664,36.5,10.333333333333334,25.74086417517817,18.01713318541253,5.294912621581081,21.850529772393312,34.15089812148636
lathypo,malt,FT150,,,,,,,,,
lathypo,malt,FT151,,,,,,,,,
lathypo,malt,FT153,,,,,,,,,
lathypo,malt,FT154,,,,,,,,,
lathypo,malt,FT155,,,,,,,,,
lathypo,malt,FT157,,,,,,,,,
lathypo,malt,FT161,238383.14285714287,46.357142857142854,33.57142857142857,8.214285714285714,19.550164189136296,13.97684112874769,3.410230333439695,18.21722187872926,23.451759994812345
lathypo,malt,FT162,211901.66666666666,43.833333333333336,30.0,9.666666666666666,20.620888355297453,13.910454424885442,4.414901796185678,20.67254539059755,26.470271924652966
lathypo,malt,FT163,203888.0,3.8333333333333335,5.0,0.16666666666666666,1.8054404152228976,2.3661205248375623,0.08044573372140355,2.272727272727273,2.0833333333333335
lathypo,malt,FT164,214134.33333333334,4.166666666666667,4.833333333333333,0.0,1.8398482368279454,2.173350526312691,0.0,0.0,0.0
lathypo,malt,FT166,197201.57142857142,5.285714285714286,5.0,0.14285714285714285,2.33485523722621,3.9725079130194234,0.05948043837083079,1.5151515151515154,1.6666666666666667
lathypo,malt,FT167,,,,,,,,,
lathypo,malt,FT168,204191.25,12.125,3.375,0.125,6.165727598623526,1.6823957773227987,0.06973306183927923,0.6944444444444444,3.3333333333333335
lathypo,water,FT102,,,,,,,,,
lathypo,water,FT103,189169.25,82.125,8.625,3.75,43.90779907899975,4.475216189332047,1.9814792239013839,4.191796836278488,46.97115384615385
lathypo,water,FT104,,,,,,,,,
lathypo,water,FT105,206374.0,104.25,55.0,22.25,50.57309211358281,25.721401393957606,10.57344615822561,20.866578954814248,42.44460453100159
lathypo,water,FT106,,,,,,,,,
lathypo,water,FT108,,,,,,,,,
lathypo,water,FT109,,,,,,,,,
lathypo,water,FT110,,,,,,,,,
lathypo,water,FT111,,,,,,,,,
lathypo,water,FT112,196658.5,53.875,26.75,9.875,27.846083586994244,13.978842969938158,5.017132410742897,17.60013193879473,36.45934271948471
lathypo,water,FT114,,,,,,,,,
lathypo,water,FT116,,,,,,,,,
lathypo,water,FT118,,,,,,,,,
lathypo,water,FT119,,,,,,,,,
lathypo,water,FT120,,,,,,,,,
lathypo,water,FT126,,,,,,,,,
lathypo,water,FT127,216084.42857142858,71.71428571428571,60.285714285714285,23.428571428571427,33.82408445353098,27.86898927885435,11.049855152720921,32.66201990527695,40.88422226208375
lathypo,water,FT128,,,,,,,,,
lathypo,water,FT131,185684.42857142858,48.714285714285715,34.714285714285715,12.142857142857142,26.799446747958,18.78595882135065,6.755511343553082,24.317147971722477,34.47546242577299
lathypo,water,FT133,180544.8,35.6,28.7,8.5,16.812545728884437,13.179636452842729,3.965720168937769,21.78850315495002,28.373989485438287
lathypo,water,FT134,,,,,,,,,
lathypo,water,FT136,214496.33333333334,36.166666666666664,34.166666666666664,5.5,16.390100890158152,14.943717757192616,2.392848225059194,13.727888304782622,16.853326530436505
lathypo,water,FT137,,,,,,,,,
lathypo,water,FT138,204630.5,63.5,45.625,13.5,32.08230447717318,22.35008854140598,6.644810074188782,22.05073595640648,31.210470762662467
lathypo,water,FT139,,,,,,,,,
lathypo,water,FT140,,,,,,,,,
lathypo,water,FT141,,,,,,,,,
lathypo,water,FT144,,,,,,,,,
lathypo,water,FT145,,,,,,,,,
lathypo,water,FT147,,,,,,,,,
lathypo,water,FT148,193452.66666666666,38.333333333333336,50.666666666666664,11.5,19.71222734694746,26.16897383015876,5.99766298573014,32.56941435010764,26.563503556487678
lathypo,water,FT149,,,,,,,,,
lathypo,water,FT150,199877.57142857142,41.714285714285715,74.57142857142857,12.714285714285714,22.301495589844755,36.314362258533606,6.4752714306622305,32.74059628937227,19.698709434507236
lathypo,water,FT151,,,,,,,,,
lathypo,water,FT153,181785.33333333334,32.166666666666664,5.166666666666667,1.0,18.498655699819007,2.7300843685075784,0.5682429527847309,3.079395841023748,18.65079365079365
lathypo,water,FT154,,,,,,,,,
lathypo,water,FT155,183775.0,59.75,29.875,8.75,32.11258438804191,15.827950316699827,4.444193012318331,13.813067306965863,28.992771268586484
lathypo,water,FT157,211888.33333333334,58.0,31.833333333333332,10.666666666666666,28.488044434793864,15.29357105740029,5.237918825960558,18.68402671478358,33.95291830709715
lathypo,water,FT161,,,,,,,,,
lathypo,water,FT162,,,,,,,,,
lathypo,water,FT163,,,,,,,,,
lathypo,water,FT164,,,,,,,,,
lathypo,water,FT166,,,,,,,,,
lathypo,water,FT167,225817.0,7.166666666666667,3.1666666666666665,0.5,3.1352018966630486,1.498272186105577,0.2415754287462409,8.518518518518519,16.22222222222222
lathypo,water,FT168,,,,,,,,,
naccore,casein,FT102,0.0,0.0,0.0,0.0,,,,,
naccore,casein,FT103,,,,,,,,,
naccore,casein,FT104,239825.0,24.166666666666668,2.0,0.3333333333333333,10.100863956573752,0.8547569286440702,0.16357821599232678,1.4814814814814816,13.888888888888888
naccore,casein,FT105,,,,,,,,,
naccore,casein,FT106,281901.0,27.6,13.0,1.6,9.674535653839818,4.6188278433422925,0.5462675691449254,4.911877394636015,12.11111111111111
naccore,casein,FT108,,,,,,,,,
naccore,casein,FT109,,,,,,,,,
naccore,casein,FT110,,,,,,,,,
naccore,casein,FT111,,,,,,,,,
naccore,casein,FT112,,,,,,,,,
naccore,casein,FT114,,,,,,,,,
naccore,casein,FT116,255171.5,40.5,3.5,0.75,16.25857037507962,1.3677014859802683,0.3025326028029531,2.0698924731182795,20.833333333333332
naccore,casein,FT118,270871.6666666667,8.833333333333334,10.333333333333334,0.6666666666666666,3.1589152760784374,3.7648905309280707,0.2375069879998826,7.5,4.305555555555556
naccore,casein,FT119,,,,,,,,,
naccore,casein,FT120,241901.0,7.166666666666667,7.166666666666667,0.5,2.9573756233106394,2.959223148749649,0.18808882189906254,19.047619047619047,7.407407407407407
naccore,casein,FT126,299712.6666666667,20.5,22.666666666666668,1.1666666666666667,6.9686316240373865,7.656772997486872,0.3949056376174738,5.866935483870968,5.795685795685795
naccore,casein,FT127,,,,,,,,,
naccore,casein,FT128,254126.0,39.0,17.166666666666668,2.8333333333333335,15.255139185632048,6.613923222826529,1.1038004444070924,7.392932944515415,17.699333712264746
naccore,casein,FT131,,,,,,,,,
naccore,casein,FT133,,,,,,,,,
naccore,casein,FT134,240003.85714285713,21.428571428571427,11.857142857142858,0.7142857142857143,9.408731432293925,5.0908875635585344,0.3559085476061567,2.3522297808012094,6.483516483516484
naccore,casein,FT136,,,,,,,,,
naccore,casein,FT137,257710.33333333334,10.333333333333334,6.0,0.8333333333333334,4.064855704094776,2.320486314809536,0.3102965643490812,7.638888888888888,10.096153846153847
naccore,casein,FT138,,,,,,,,,
naccore,casein,FT139,240221.0,28.5,27.666666666666668,3.1666666666666665,11.801170043136443,11.345461900084935,1.265453375162504,9.407099675392358,11.708176691729323
naccore,casein,FT140,,,,,,,,,
naccore,casein,FT141,,,,,,,,,
naccore,casein,FT144,,,,,,,,,
naccore,casein,FT145,241119.0,15.0,8.25,1.0,5.732090780685634,3.393099656243428,0.3658777372169042,8.333333333333332,9.595959595959595
naccore,casein,FT147,,,,,,,,,
naccore,casein,FT148,,,,,,,,,
naccore,casein,FT149,,,,,,,,,
naccore,casein,FT150,,,,,,,,,
naccore,casein,FT151,185531.25,11.375,6.25,0.375,6.186160796200669,3.2895667531831596,0.17436343874699842,3.6904761904761907,4.3560606060606055
naccore,casein,FT153,,,,,,,,,
naccore,casein,FT154,210618.6,5.2,13.2,0.4,2.5781478910988977,6.89400512415015,0.20872486325006837,5.0,3.5023041474654377
naccore,casein,FT155,,,,,,,,,
naccore,casein,FT157,,,,,,,,,
naccore,casein,FT161,,,,,,,,,
naccore,casein,FT162,,,,,,,,,
naccore,casein,FT163,,,,,,,,,
naccore,casein,FT164,,,,,,,,,
naccore,casein,FT166,,,,,,,,,
naccore,casein,FT167,,,,,,,,,
naccore,casein,FT168,,,,,,,,,
naccore,malt,FT102,,,,,,,,,
naccore,malt,FT103,,,,,,,,,
naccore,malt,FT104,,,,,,,,,
naccore,malt,FT105,,,,,,,,,
naccore,malt,FT106,,,,,,,,,
naccore,malt,FT108,290239.0,38.0,6.2,0.2,12.776211587014982,2.0896435223891014,0.06905385855698151,0.4651162790697675,1.5384615384615385
naccore,malt,FT109,227602.66666666666,16.333333333333332,5.666666666666667,0.16666666666666666,7.028372246781863,2.3676018872704714,0.09295045183214636,3.3333333333333335,8.333333333333334
naccore,malt,FT110,280376.0,31.5,5.5,1.5,11.185185596956513,1.957590255841398,0.5441812407870736,5.092592592592592,28.333333333333332
naccore,malt,FT111,223162.33333333334,43.166666666666664,7.333333333333333,0.3333333333333333,19.19042811196611,3.293785231694132,0.13817029859643123,1.0400616332819723,6.597222222222221
naccore,malt,FT112,,,,,,,,,
naccore,malt,FT114,261224.2,29.6,2.8,0.6,11.410724508863698,1.072829003405429,0.22224484779733253,2.0199975463133355,25.0
naccore,malt,FT116,,,,,,,,,
naccore,malt,FT118,,,,,,,,,
naccore,malt,FT119,254684.66666666666,13.166666666666666,4.166666666666667,0.5,5.12013940996622,1.6537367247364436,0.18716481108441121,3.8375350140056024,11.111111111111109
naccore,malt,FT120,,,,,,,,,
naccore,malt,FT126,,,,,,,,,
naccore,malt,FT127,,,,,,,,,
naccore,malt,FT128,,,,,,,,,
naccore,malt,FT131,,,,,,,,,
naccore,malt,FT133,,,,,,,,,
naccore,malt,FT134,,,,,,,,,
naccore,malt,FT136,,,,,,,,,
naccore,malt,FT137,,,,,,,,,
naccore,malt,FT138,,,,,,,,,
naccore,malt,FT139,,,,,,,,,
naccore,malt,FT140,255308.33333333334,30.0,5.833333333333333,0.8333333333333334,11.788874452359982,2.3324452845235366,0.3339253998121469,2.6175213675213675,9.788359788359788
naccore,malt,FT141,,,,,,,,,
naccore,malt,FT144,277241.6666666667,13.833333333333334,8.166666666666666,1.0,5.014950300021096,3.028494472840347,0.38274974293376746,7.0436507936507935,11.078042328042327
naccore,malt,FT145,,,,,,,,,
naccore,malt,FT147,246192.33333333334,8.0,6.5,0.5,3.2951985676917412,2.5723678913810626,0.20687673235205528,4.57070707070707,7.5
naccore,malt,FT148,,,,,,,,,
naccore,malt,FT149,225480.0,2.3333333333333335,10.166666666666666,0.3333333333333333,1.0472308669259953,4.506393876923107,0.13787949607801772,6.666666666666667,1.8518518518518519
naccore,malt,FT150,,,,,,,,,
naccore,malt,FT151,,,,,,,,,
naccore,malt,FT153,,,,,,,,,
naccore,malt,FT154,,,,,,,,,
naccore,malt,FT155,,,,,,,,,
naccore,malt,FT157,,,,,,,,,
naccore,malt,FT161,244523.33333333334,11.166666666666666,6.916666666666667,1.1666666666666667,4.230855448715131,2.68591823539648,0.43331097228580817,7.634897828863346,14.125550375550375
naccore,malt,FT162,255492.0,20.7,15.0,1.1,7.863433445494961,6.11929498181117,0.4450143578928677,8.1125,7.424603174603175
naccore,malt,FT163,233059.0,9.75,6.5,1.0,4.082942652494698,2.758673952663611,0.43442065509139405,20.92391304347826,16.666666666666664
naccore,malt,FT164,205426.0,9.25,9.25,1.25,4.417227180001104,4.487065395723629,0.5984656466593299,11.363636363636365,11.363636363636363
naccore,malt,FT166,267480.3333333333,26.666666666666668,5.166666666666667,1.0,9.14361273725418,1.8402348947284421,0.35330170760743623,5.7936507936507935,15.555555555555555
naccore,malt,FT167,,,,,,,,,
naccore,malt,FT168,238514.66666666666,11.5,3.5,0.16666666666666666,4.904688481170482,1.4137006359101243,0.05848219977285513,1.1111111111111112,4.166666666666667
naccore,water,FT102,,,,,,,,,
naccore,water,FT103,235570.33333333334,40.166666666666664,1.6666666666666667,0.3333333333333333,17.15736181094942,0.7025919150980346,0.12286050275388612,0.770963270963271,25.0
naccore,water,FT104,,,,,,,,,
naccore,water,FT105,245007.0,108.83333333333333,10.333333333333334,1.1666666666666667,44.222381204187364,4.160278071304378,0.49085385181098856,1.0988440352217441,12.163775766716943
naccore,water,FT106,,,,,,,,,
naccore,water,FT108,,,,,,,,,
naccore,water,FT109,,,,,,,,,
naccore,water,FT110,,,,,,,,,
naccore,water,FT111,,,,,,,,,
naccore,water,FT112,270015.0,18.0,9.666666666666666,1.0,6.795361380751206,3.6154680664484133,0.39927939485074376,5.120772946859904,10.437710437710438
naccore,water,FT114,,,,,,,,,
naccore,water,FT116,,,,,,,,,
naccore,water,FT118,,,,,,,,,
naccore,water,FT119,,,,,,,,,
naccore,water,FT120,,,,,,,,,
naccore,water,FT126,,,,,,,,,
naccore,water,FT127,268180.3333333333,23.333333333333332,21.0,1.6666666666666667,8.300807215503427,8.074082700824459,0.6414136674398118,8.937728937728938,7.759661835748791
naccore,water,FT128,,,,,,,,,
naccore,water,FT131,226742.33333333334,12.166666666666666,11.333333333333334,1.0,5.362894655893753,4.9006682107920465,0.4099685831742743,6.143162393162393,7.430555555555556
naccore,water,FT133,263723.0,25.0,22.083333333333332,3.25,10.446943605457596,9.160377265304376,1.4376870202010605,10.07088975838976,12.45439104580791
naccore,water,FT134,,,,,,,,,
naccore,water,FT136,238814.25,19.75,6.125,1.0,8.196523088497965,2.590708702646859,0.4500172176125119,5.693681318681318,14.702380952380953
naccore,water,FT137,,,,,,,,,
naccore,water,FT138,222419.0,28.166666666666668,9.666666666666666,2.1666666666666665,12.153878463470157,4.247157908208002,0.9027794481548533,6.1805555555555545,18.21428571428571
naccore,water,FT139,,,,,,,,,
naccore,water,FT140,,,,,,,,,
naccore,water,FT141,233792.5,8.0,2.5,0.25,3.5767775242453146,1.0484156234364503,0.09632315261825593,3.125,8.333333333333332
naccore,water,FT144,,,,,,,,,
naccore,water,FT145,,,,,,,,,
naccore,water,FT147,,,,,,,,,
naccore,water,FT148,273939.0,5.666666666666667,12.833333333333334,0.5,2.101486370659338,4.642660143487354,0.18592399984672747,13.194444444444443,4.444444444444445
naccore,water,FT149,,,,,,,,,
naccore,water,FT150,225189.66666666666,4.333333333333333,18.5,1.1666666666666667,1.8913659508653948,8.03113098576634,0.5130767145434175,16.30952380952381,5.639097744360902
naccore,water,FT151,,,,,,,,,
naccore,water,FT153,272822.3333333333,9.166666666666666,1.1666666666666667,0.0,3.281008844334489,0.39730677675216186,0.0,0.0,0.0
naccore,water,FT154,,,,,,,,,
naccore,water,FT155,,,,,,,,,
naccore,water,FT157,261714.5,5.25,6.25,0.5,2.0657784174710407,2.4567074188500273,0.20953729973472576,8.333333333333332,6.25
naccore,water,FT161,,,,,,,,,
naccore,water,FT162,,,,,,,,,
naccore,water,FT163,,,,,,,,,
naccore,water,FT164,,,,,,,,,
naccore,water,FT166,,,,,,,,,
naccore,water,FT167,264056.0,19.25,4.0,0.25,6.51953871765723,1.467433099711684,0.08115433932252357,0.7092198581560284,3.571428571428571
naccore,water,FT168,,,,,,,,,
nacshell,casein,FT102,0.0,0.0,0.0,0.0,,,,,
nacshell,casein,FT103,,,,,,,,,
nacshell,casein,FT104,179774.0,37.833333333333336,5.0,1.3333333333333333,20.60667338060161,2.583912445187813,0.6540719869397867,2.185790601025746,14.771241830065359
nacshell,casein,FT105,,,,,,,,,
nacshell,casein,FT106,175809.8,50.2,13.4,2.8,26.393385675891075,8.071230059318184,1.4748090385445582,4.726624319077149,18.537252221462747
nacshell,casein,FT108,,,,,,,,,
nacshell,casein,FT109,,,,,,,,,
nacshell,casein,FT110,,,,,,,,,
nacshell,casein,FT111,,,,,,,,,
nacshell,casein,FT112,,,,,,,,,
nacshell,casein,FT114,,,,,,,,,
nacshell,casein,FT116,196685.5,51.25,4.0,1.25,26.19346466030206,1.9785274446251369,0.6482825139965048,2.534340659340659,35.714285714285715
nacshell,casein,FT118,174042.0,15.0,17.0,1.6666666666666667,8.234891140096847,9.837217693556923,0.906212917040449,13.080099735078695,8.776360092149565
nacshell,casein,FT119,,,,,,,,,
nacshell,casein,FT120,158343.33333333334,22.333333333333332,14.333333333333334,1.3333333333333333,14.90917554920591,8.905237013446653,0.9750714530758321,3.8375350140056024,11.213585126628606
nacshell,casein,FT126,161314.33333333334,24.5,20.333333333333332,2.5,15.07497159986425,12.85074803194903,1.6142210618178758,10.31872054522494,13.088423108707085
nacshell,casein,FT127,,,,,,,,,
nacshell,casein,FT128,118243.57142857143,31.857142857142858,20.285714285714285,3.142857142857143,26.898206466735928,27.04829029712187,3.3312732237068596,13.172153806669796,14.09696698321486
nacshell,casein,FT131,,,,,,,,,
nacshell,casein,FT133,,,,,,,,,
nacshell,casein,FT134,152763.57142857142,28.428571428571427,11.428571428571429,1.5714285714285714,18.33030108149553,7.532008474540167,1.0405726155037225,7.189886301181983,12.698412698412698
nacshell,casein,FT136,,,,,,,,,
nacshell,casein,FT137,122373.33333333333,8.666666666666666,2.1666666666666665,0.3333333333333333,7.488252723585698,2.012762581994118,0.30272483194749084,5.6818181818181825,12.5
nacshell,casein,FT138,,,,,,,,,
nacshell,casein,FT139,102350.66666666667,15.166666666666666,11.333333333333334,1.5,15.506779931854991,10.832834885521455,1.344483795844904,7.909356725146199,11.203703703703704
nacshell,casein,FT140,,,,,,,,,
nacshell,casein,FT141,,,,,,,,,
nacshell,casein,FT144,,,,,,,,,
nacshell,casein,FT145,111327.5,10.75,12.5,1.25,9.52906132839109,10.972520133356108,0.9762955441871364,6.25,5.952380952380952
nacshell,casein,FT147,,,,,,,,,
nacshell,casein,FT148,,,,,,,,,
nacshell,casein,FT149,,,,,,,,,
nacshell,casein,FT150,,,,,,,,,
nacshell,casein,FT151,88743.75,11.375,5.375,0.25,12.587692266034745,5.998813581102528,0.26730802097616213,2.6988636363636367,2.951388888888889
nacshell,casein,FT153,,,,,,,,,
nacshell,casein,FT154,156471.66666666666,7.333333333333333,16.333333333333332,2.0,4.566299973502062,10.073878842113187,1.2522237243201588,26.868686868686865,12.307692307692307
nacshell,casein,FT155,,,,,,,,,
nacshell,casein,FT157,,,,,,,,,
nacshell,casein,FT161,,,,,,,,,
nacshell,casein,FT162,,,,,,,,,
nacshell,casein,FT163,,,,,,,,,
nacshell,casein,FT164,,,,,,,,,
nacshell,casein,FT166,,,,,,,,,
nacshell,casein,FT167,,,,,,,,,
nacshell,casein,FT168,,,,,,,,,
nacshell,malt,FT102,,,,,,,,,
nacshell,malt,FT103,,,,,,,,,
nacshell,malt,FT104,,,,,,,,,
nacshell,malt,FT105,,,,,,,,,
nacshell,malt,FT106,,,,,,,,,
nacshell,malt,FT108,173597.0,25.2,21.2,0.8,14.654767705105849,12.123332013091744,0.46446286750493826,4.299145299145299,8.380952380952381
nacshell,malt,FT109,152660.0,19.666666666666668,8.0,2.3333333333333335,13.076125196257289,5.259493737375862,1.4963951131591904,10.800073909830006,23.693783068783066
nacshell,malt,FT110,155116.0,21.5,13.5,0.5,13.99743047421858,8.823282560273912,0.3417658357199981,2.083333333333333,3.125
nacshell,malt,FT111,110678.33333333333,31.5,8.333333333333334,1.6666666666666667,26.869913395624945,7.899020774696271,1.3809676529965988,5.170507969269579,25.723905723905727
nacshell,malt,FT112,,,,,,,,,
nacshell,malt,FT114,138411.0,29.0,3.6,1.0,21.182546465925892,2.5419547773851137,0.6792459006294035,3.7945542589505434,23.047619047619044
nacshell,malt,FT116,,,,,,,,,
nacshell,malt,FT118,,,,,,,,,
nacshell,malt,FT119,164028.33333333334,18.166666666666668,4.5,0.5,11.39654401471317,2.783570916797215,0.29683886190269704,3.0208333333333335,13.75
nacshell,malt,FT120,,,,,,,,,
nacshell,malt,FT126,,,,,,,,,
nacshell,malt,FT127,,,,,,,,,
nacshell,malt,FT128,,,,,,,,,
nacshell,malt,FT131,,,,,,,,,
nacshell,malt,FT133,,,,,,,,,
nacshell,malt,FT134,,,,,,,,,
nacshell,malt,FT136,,,,,,,,,
nacshell,malt,FT137,,,,,,,,,
nacshell,malt,FT138,,,,,,,,,
nacshell,malt,FT139,,,,,,,,,
nacshell,malt,FT140,174825.33333333334,36.166666666666664,2.8333333333333335,0.6666666666666666,20.201310186803195,1.6717453469622614,0.40664713638780353,1.7786015181848516,19.444444444444443
nacshell,malt,FT141,,,,,,,,,
nacshell,malt,FT144,166610.66666666666,20.5,9.833333333333334,1.1666666666666667,11.979310630677839,6.039827028238807,0.7358538309888729,6.641025641025641,13.08922558922559
nacshell,malt,FT145,,,,,,,,,
nacshell,malt,FT147,151607.0,16.166666666666668,6.666666666666667,0.8333333333333334,10.593926233245222,4.387670776870527,0.5225225015636595,5.448717948717949,10.317460317460316
nacshell,malt,FT148,,,,,,,,,
nacshell,malt,FT149,90722.33333333333,4.833333333333333,8.5,1.5,5.473840702742588,9.423642099271671,1.6238494513009758,48.743589743589745,15.827922077922077
nacshell,malt,FT150,,,,,,,,,
nacshell,malt,FT151,,,,,,,,,
nacshell,malt,FT153,,,,,,,,,
nacshell,malt,FT154,,,,,,,,,
nacshell,malt,FT155,,,,,,,,,
nacshell,malt,FT157,,,,,,,,,
nacshell,malt,FT161,160976.66666666666,7.583333333333333,7.833333333333333,0.4166666666666667,4.7533595204132375,4.7524783771159775,0.2458748977924242,4.771825396825396,5.816144639674051
nacshell,malt,FT162,116033.66666666667,7.083333333333333,6.0,0.16666666666666666,6.365939325881905,4.881765329280947,0.12952730306021207,0.9803921568627451,1.1111111111111112
nacshell,malt,FT163,140985.5,16.0,9.75,1.0,11.234283945603684,6.888258527854837,0.6828238166618537,5.416666666666666,8.849206349206348
nacshell,malt,FT164,115883.0,46.5,9.0,2.0,41.19182935653188,7.917741636795132,1.871934073650816,4.068181818181818,23.453282828282827
nacshell,malt,FT166,148028.66666666666,35.166666666666664,8.5,1.1666666666666667,23.78966147045014,5.742542748174209,0.7936645249763886,2.3333333333333335,9.175824175824175
nacshell,malt,FT167,,,,,,,,,
nacshell,malt,FT168,119827.33333333333,20.833333333333332,3.6666666666666665,1.1666666666666667,18.7584410602739,3.1180977811509596,1.0064100116473054,3.5232843137254903,18.253968253968253
nacshell,water,FT102,,,,,,,,,
nacshell,water,FT103,112568.0,36.666666666666664,1.1666666666666667,0.16666666666666666,32.44003724389781,1.0855087572962347,0.18269845619804512,0.8333333333333334,25.0
nacshell,water,FT104,,,,,,,,,
nacshell,water,FT105,127451.0,54.333333333333336,7.833333333333333,2.3333333333333335,42.518078799116246,6.213402863067866,1.87645628164703,3.88864011958461,24.836182336182336
nacshell,water,FT106,,,,,,,,,
nacshell,water,FT108,,,,,,,,,
nacshell,water,FT109,,,,,,,,,
nacshell,water,FT110,,,,,,,,,
nacshell,water,FT111,,,,,,,,,
nacshell,water,FT112,128670.33333333333,14.0,6.666666666666667,1.3333333333333333,10.806962283920528,5.104769476078769,1.0059867529149409,9.235209235209235,21.794871794871796
nacshell,water,FT114,,,,,,,,,
nacshell,water,FT116,,,,,,,,,
nacshell,water,FT118,,,,,,,,,
nacshell,water,FT119,,,,,,,,,
nacshell,water,FT120,,,,,,,,,
nacshell,water,FT126,,,,,,,,,
nacshell,water,FT127,126553.0,11.333333333333334,17.666666666666668,1.3333333333333333,9.018158082185153,14.01681358415307,1.076871480762882,14.583333333333334,6.349206349206349
nacshell,water,FT128,,,,,,,,,
nacshell,water,FT131,120210.66666666667,22.666666666666668,11.5,2.1666666666666665,18.731030659209818,9.648659052262088,1.7068356158568683,7.212232212232212,16.056175793017896
nacshell,water,FT133,129674.5,17.083333333333332,14.583333333333334,2.8333333333333335,13.06245525848378,11.107230434253355,2.1399199132911897,13.901268072391066,12.715099715099713
nacshell,water,FT134,,,,,,,,,
nacshell,water,FT136,121706.75,19.375,6.0,1.375,16.24068666850351,5.034797501458037,1.1728087011862356,6.4290581981736405,21.875
nacshell,water,FT137,,,,,,,,,
nacshell,water,FT138,108887.0,20.833333333333332,7.666666666666667,1.3333333333333333,19.046873909196403,7.118698455209432,1.1959238069605123,5.512820512820514,15.505050505050505
nacshell,water,FT139,,,,,,,,,
nacshell,water,FT140,,,,,,,,,
nacshell,water,FT141,105344.0,9.25,3.25,0.0,8.732914831761928,3.0929916026027233,0.0,0.0,0.0
nacshell,water,FT144,,,,,,,,,
nacshell,water,FT145,,,,,,,,,
nacshell,water,FT147,,,,,,,,,
nacshell,water,FT148,134050.33333333334,5.833333333333333,12.166666666666666,1.1666666666666667,4.403671806279449,9.21518902044204,0.9533441426949502,16.071428571428573,8.531746031746032
nacshell,water,FT149,,,,,,,,,
nacshell,water,FT150,97707.66666666667,6.166666666666667,13.833333333333334,1.1666666666666667,6.420402092285155,14.241064666439131,1.2882906605052782,17.658730158730155,8.688057040998219
nacshell,water,FT151,,,,,,,,,
nacshell,water,FT153,121065.66666666667,5.333333333333333,0.5,0.0,4.604867792058446,0.45045106738129065,0.0,0.0,0.0
nacshell,water,FT154,,,,,,,,,
nacshell,water,FT155,,,,,,,,,
nacshell,water,FT157,121620.0,5.75,4.5,0.25,4.5719198794144855,3.6349254077881388,0.2455916302372415,12.5,8.333333333333332
nacshell,water,FT161,,,,,,,,,
nacshell,water,FT162,,,,,,,,,
nacshell,water,FT163,,,,,,,,,
nacshell,water,FT164,,,,,,,,,
nacshell,water,FT166,,,,,,,,,
nacshell,water,FT167,105529.5,13.25,5.0,1.5,12.509659574196174,4.791055800732805,1.497252349212164,13.816425120772946,42.70833333333333
nacshell,water,FT168,,,,,,,,,
piriform,casein,FT102,0.0,0.0,0.0,0.0,,,,,
piriform,casein,FT103,,,,,,,,,
piriform,casein,FT104,228021.33333333334,99.75,14.75,3.3333333333333335,43.57165699078859,6.5226902035426155,1.4873746698530945,3.5481665136673772,22.973927875243664
piriform,casein,FT105,,,,,,,,,
piriform,casein,FT106,198976.2,64.2,36.0,6.0,33.03191284695674,18.084225053134865,3.0764079032384357,9.051552689258894,16.508531448561435
piriform,casein,FT108,,,,,,,,,
piriform,casein,FT109,,,,,,,,,
piriform,casein,FT110,,,,,,,,,
piriform,casein,FT111,,,,,,,,,
piriform,casein,FT112,,,,,,,,,
piriform,casein,FT114,,,,,,,,,
piriform,casein,FT116,221404.33333333334,97.16666666666667,14.333333333333334,2.8333333333333335,43.60219252026818,6.4658712542274905,1.2813080238121137,2.902587922688056,19.94047619047619
piriform,casein,FT118,205243.33333333334,48.166666666666664,32.5,3.6666666666666665,23.778856469888485,15.93053616518811,1.8474390983449789,8.158055230288836,11.422626541917225
piriform,casein,FT119,,,,,,,,,
piriform,casein,FT120,207744.33333333334,50.166666666666664,25.5,3.5,24.648121803453407,12.0929676828858,1.61784686179103,7.23063276805776,14.834033051873517
piriform,casein,FT126,184028.6,54.8,52.8,7.2,29.259848190920014,28.5632479114936,3.7860610061383695,12.190909090909091,13.249254823047943
piriform,casein,FT127,,,,,,,,,
piriform,casein,FT128,205517.0,75.83333333333333,51.75,11.916666666666666,36.79138384788162,25.217628823423627,5.779966406627914,16.36214625684686,23.14852696799098
piriform,casein,FT131,,,,,,,,,
piriform,casein,FT133,,,,,,,,,
piriform,casein,FT134,198095.44444444444,76.66666666666667,51.0,10.666666666666666,39.02369681827102,26.12788927039934,5.349548196488152,14.360257531564717,21.38427572878768
piriform,casein,FT136,,,,,,,,,
piriform,casein,FT137,204575.0,37.0,17.2,1.4,17.752215807620267,8.341639629546151,0.69130945188715,4.228524164008035,8.151515151515152
piriform,casein,FT138,,,,,,,,,
piriform,casein,FT139,207344.75,72.5,108.625,16.0,34.215436858552366,52.04471837238518,7.521761942851791,21.302331730774892,14.07235107945564
piriform,casein,FT140,,,,,,,,,
piriform,casein,FT141,,,,,,,,,
piriform,casein,FT144,,,,,,,,,
piriform,casein,FT145,185887.75,45.875,24.25,4.25,24.496941986647272,13.057803426317493,2.2349489247922953,9.531797144945443,17.150667199899935
piriform,casein,FT147,,,,,,,,,
piriform,casein,FT148,,,,,,,,,
piriform,casein,FT149,,,,,,,,,
piriform,casein,FT150,,,,,,,,,
piriform,casein,FT151,187539.0,46.77777777777778,20.333333333333332,3.7777777777777777,24.828465121697686,10.977779758131138,1.9816810100356126,8.116229758267666,19.80082564474579
piriform,casein,FT153,,,,,,,,,
piriform,casein,FT154,171016.0,16.75,25.0,2.25,10.219782310423804,14.690840179700325,1.424303161489668,12.549370918936136,9.617003367003367
piriform,casein,FT155,,,,,,,,,
piriform,casein,FT157,,,,,,,,,
piriform,casein,FT161,,,,,,,,,
piriform,casein,FT162,,,,,,,,,
piriform,casein,FT163,,,,,,,,,
piriform,casein,FT164,,,,,,,,,
piriform,casein,FT166,,,,,,,,,
piriform,casein,FT167,,,,,,,,,
piriform,casein,FT168,,,,,,,,,
piriform,malt,FT102,,,,,,,,,
piriform,malt,FT103,,,,,,,,,
piriform,malt,FT104,,,,,,,,,
piriform,malt,FT105,,,,,,,,,
piriform,malt,FT106,,,,,,,,,
piriform,malt,FT108,212509.4,76.2,17.0,3.8,41.299452430558546,7.249595856473515,1.6277247593483537,4.641167552559958,21.255411255411254
piriform,malt,FT109,184188.66666666666,56.333333333333336,19.166666666666668,3.1666666666666665,30.05239012840963,10.281411408626836,1.7546037041023226,5.759320273333134,17.217046238785368
piriform,malt,FT110,251673.5,62.5,34.5,5.75,25.03782442139045,13.791394976211993,2.3469825177666586,8.505907960199005,15.881633009878485
piriform,malt,FT111,197538.33333333334,89.33333333333333,32.333333333333336,8.666666666666666,44.771723581530864,16.462022136723863,4.355390345313476,11.484055232515516,26.268788682581786
piriform,malt,FT112,,,,,,,,,
piriform,malt,FT114,213219.57142857142,75.14285714285714,12.0,2.0,35.250833172852744,5.621567472277208,0.9511932390426595,2.675614974146685,15.621184371184372
piriform,malt,FT116,,,,,,,,,
piriform,malt,FT118,,,,,,,,,
piriform,malt,FT119,190430.75,45.625,16.75,2.875,23.969553603588317,8.701216859597755,1.4567513531127358,5.980797689895736,15.751519234175884
piriform,malt,FT120,,,,,,,,,
piriform,malt,FT126,,,,,,,,,
piriform,malt,FT127,,,,,,,,,
piriform,malt,FT128,,,,,,,,,
piriform,malt,FT131,,,,,,,,,
piriform,malt,FT133,,,,,,,,,
piriform,malt,FT134,,,,,,,,,
piriform,malt,FT136,,,,,,,,,
piriform,malt,FT137,,,,,,,,,
piriform,malt,FT138,,,,,,,,,
piriform,malt,FT139,,,,,,,,,
piriform,malt,FT140,213293.0,79.66666666666667,18.666666666666668,4.5,37.61754388015293,8.799407489661535,2.132299241764612,5.622899655149486,24.124088630667575
piriform,malt,FT141,,,,,,,,,
piriform,malt,FT144,200848.66666666666,39.0,22.666666666666668,3.1666666666666665,19.494505130079727,11.18091046284412,1.5934045516437756,7.963817112753283,13.287698412698413
piriform,malt,FT145,,,,,,,,,
piriform,malt,FT147,173655.33333333334,41.0,24.666666666666668,3.8333333333333335,23.182430933433398,14.032185074222744,2.084104857248856,9.741140045761895,14.852884998238792
piriform,malt,FT148,,,,,,,,,
piriform,malt,FT149,156368.42857142858,19.142857142857142,28.285714285714285,2.5714285714285716,12.335729343547937,17.6241502336511,1.6058068518740838,12.863955150540518,10.077855239145562
piriform,malt,FT150,,,,,,,,,
piriform,malt,FT151,,,,,,,,,
piriform,malt,FT153,,,,,,,,,
piriform,malt,FT154,,,,,,,,,
piriform,malt,FT155,,,,,,,,,
piriform,malt,FT157,,,,,,,,,
piriform,malt,FT161,198864.5,25.333333333333332,15.583333333333334,1.0,12.2288288539497,8.086367545074218,0.4807408345072021,5.313022843050871,8.095291146761735
piriform,malt,FT162,188517.63636363635,11.363636363636363,9.545454545454545,0.6363636363636364,5.9625252270926214,5.223007248813946,0.34413902908743826,11.81952049112328,7.227534370391514
piriform,malt,FT163,208882.5,0.25,10.0,0.0,0.12681150231050559,4.785939816743971,0.0,0.0,0.0
piriform,malt,FT164,138278.0,0.5,4.0,0.5,0.37884138031769476,2.8643239256037454,0.37884138031769476,100.0,15.277777777777779
piriform,malt,FT166,202577.66666666666,0.8333333333333334,6.833333333333333,0.0,0.4091213215272696,3.381762141642677,0.0,0.0,0.0
piriform,malt,FT167,,,,,,,,,
piriform,malt,FT168,135569.33333333334,0.3333333333333333,1.0,0.0,0.21480016067052018,0.7714822244418876,0.0,0.0,0.0
piriform,water,FT102,,,,,,,,,
piriform,water,FT103,207684.2,95.8,5.6,1.0,46.0787338184454,2.710608432143837,0.4855639209418438,1.1973726190168232,18.575757575757574
piriform,water,FT104,,,,,,,,,
piriform,water,FT105,199578.66666666666,88.33333333333333,20.333333333333332,3.8333333333333335,44.8152682085639,10.17138636240687,1.9367290039697707,4.054138813405534,17.800057736390503
piriform,water,FT106,,,,,,,,,
piriform,water,FT108,,,,,,,,,
piriform,water,FT109,,,,,,,,,
piriform,water,FT110,,,,,,,,,
piriform,water,FT111,,,,,,,,,
piriform,water,FT112,196169.8,39.6,19.8,2.8,19.9020639863027,10.029571527043135,1.4022776147658298,7.264398336426211,14.434757834757836
piriform,water,FT114,,,,,,,,,
piriform,water,FT116,,,,,,,,,
piriform,water,FT118,,,,,,,,,
piriform,water,FT119,,,,,,,,,
piriform,water,FT120,,,,,,,,,
piriform,water,FT126,,,,,,,,,
piriform,water,FT127,197905.4,56.2,35.4,4.4,27.626472126277445,18.133623527438438,2.349199562895754,9.071197519796803,13.53988667159399
piriform,water,FT128,,,,,,,,,
piriform,water,FT131,178302.0,56.125,40.125,7.875,31.51450889567188,22.308096217917875,4.387691918998555,14.086589021103872,19.6091662796039
piriform,water,FT133,194526.16666666666,30.25,21.0,2.25,15.742336224176631,10.858575470091951,1.1023000299079209,5.672464970636735,7.542273339687132
piriform,water,FT134,,,,,,,,,
piriform,water,FT136,210743.4,64.8,18.1,3.3,30.753693411190632,8.562290564599483,1.589592053267928,5.066223497939232,18.808899059242307
piriform,water,FT137,,,,,,,,,
piriform,water,FT138,172761.66666666666,81.77777777777777,24.555555555555557,5.666666666666667,47.4332135007869,14.14882536045319,3.2058196910662833,6.6832034505268565,22.680298042317755
piriform,water,FT139,,,,,,,,,
piriform,water,FT140,,,,,,,,,
piriform,water,FT141,204741.0,86.25,14.0,2.75,42.54226282526741,6.80116711914562,1.365809219928325,2.424119241192412,21.458333333333332
piriform,water,FT144,,,,,,,,,
piriform,water,FT145,,,,,,,,,
piriform,water,FT147,,,,,,,,,
piriform,water,FT148,192192.66666666666,33.833333333333336,40.0,4.333333333333333,16.816918451764842,20.912190716459794,2.0586900416930813,10.595971077642007,10.145648002790859
piriform,water,FT149,,,,,,,,,
piriform,water,FT150,196748.0,23.5,45.4,5.1,12.02107907981878,23.031486191997274,2.579434297258333,22.00075834729725,11.284980544451225
piriform,water,FT151,,,,,,,,,
piriform,water,FT153,174295.16666666666,20.916666666666668,2.5833333333333335,0.16666666666666666,11.846882116995376,1.4604113363539035,0.09352257737557333,0.5639097744360902,8.333333333333334
piriform,water,FT154,,,,,,,,,
piriform,water,FT155,,,,,,,,,
piriform,water,FT157,204039.0,26.5,17.833333333333332,0.3333333333333333,13.717250238365478,8.643335323897993,0.15919827414798612,0.8451005562687205,1.8686868686868687
piriform,water,FT161,,,,,,,,,
piriform,water,FT162,,,,,,,,,
piriform,water,FT163,,,,,,,,,
piriform,water,FT164,,,,,,,,,
piriform,water,FT166,,,,,,,,,
piriform,water,FT167,174865.66666666666,1.3333333333333333,3.6666666666666665,0.5,0.7502446643583122,1.9642592441560547,0.2840493064618721,37.5,11.11111111111111
piriform,water,FT168,,,,,,,,,
pvhypo,casein,FT102,0.0,0.0,0.0,0.0,,,,,
pvhypo,casein,FT103,,,,,,,,,
pvhypo,casein,FT104,36290.5,36.75,30.5,7.25,101.28237212869836,83.55976935117488,20.38203036763491,19.21921921921922,24.236379754996776
pvhypo,casein,FT105,,,,,,,,,
pvhypo,casein,FT106,28498.0,15.0,30.833333333333332,6.166666666666667,54.647725391509304,105.83936972431682,22.206764163046955,42.15277777777778,28.939050367621793
pvhypo,casein,FT108,,,,,,,,,
pvhypo,casein,FT109,,,,,,,,,
pvhypo,casein,FT110,,,,,,,,,
pvhypo,casein,FT111,,,,,,,,,
pvhypo,casein,FT112,,,,,,,,,
pvhypo,casein,FT114,,,,,,,,,
pvhypo,casein,FT116,28060.25,15.0,13.0,2.25,56.805653861005965,45.597656028955065,8.778938894723545,14.498834498834498,22.169287755588066
pvhypo,casein,FT118,25804.0,10.25,35.0,4.25,43.890404926069465,137.01943694036657,18.639648523508512,35.20362690530758,16.75042839105339
pvhypo,casein,FT119,,,,,,,,,
pvhypo,casein,FT120,24901.0,10.75,22.5,3.5,42.368265686252315,87.50709774427523,13.361042402454068,22.666666666666664,12.403143274853802
pvhypo,casein,FT126,28591.666666666668,15.666666666666666,10.5,2.6666666666666665,54.26871190017624,36.56018645870787,9.480411866134725,18.11111111111111,26.255411255411257
pvhypo,casein,FT127,,,,,,,,,
pvhypo,casein,FT128,24889.222222222223,15.777777777777779,22.555555555555557,7.333333333333333,68.34100338049147,96.973731505791,33.24205371169448,44.038115905123576,37.302096052096054
pvhypo,casein,FT131,,,,,,,,,
pvhypo,casein,FT133,,,,,,,,,
pvhypo,casein,FT134,25870.666666666668,7.833333333333333,21.166666666666668,2.6666666666666665,31.28250079635248,85.51844125486186,11.158122351573043,35.563973063973066,17.734981889960853
pvhypo,casein,FT136,,,,,,,,,
pvhypo,casein,FT137,23707.75,13.375,13.125,4.75,56.655650063722916,55.862647090530245,20.179464781813518,34.45146288896289,34.62336576467011
pvhypo,casein,FT138,,,,,,,,,
pvhypo,casein,FT139,21488.75,4.875,8.25,1.125,22.59387130383928,41.60578407218046,5.765615241637204,26.056547619047617,14.506302521008402
pvhypo,casein,FT140,,,,,,,,,
pvhypo,casein,FT141,,,,,,,,,
pvhypo,casein,FT144,,,,,,,,,
pvhypo,casein,FT145,19226.0,4.333333333333333,23.666666666666668,2.1666666666666665,26.746746394186534,107.53609030416327,12.136060842196756,48.888888888888886,14.257936507936508
pvhypo,casein,FT147,,,,,,,,,
pvhypo,casein,FT148,,,,,,,,,
pvhypo,casein,FT149,,,,,,,,,
pvhypo,casein,FT150,,,,,,,,,
pvhypo,casein,FT151,23897.0,10.5,20.375,3.0,44.66459480552115,85.70869077560036,13.018442853127178,31.461542950513536,15.995442036463707
pvhypo,casein,FT153,,,,,,,,,
pvhypo,casein,FT154,23746.666666666668,9.5,20.333333333333332,2.0,40.29243918781408,82.52752533606447,8.409927146572457,20.808080808080806,12.74496336996337
pvhypo,casein,FT155,,,,,,,,,
pvhypo,casein,FT157,,,,,,,,,
pvhypo,casein,FT161,,,,,,,,,
pvhypo,casein,FT162,,,,,,,,,
pvhypo,casein,FT163,,,,,,,,,
pvhypo,casein,FT164,,,,,,,,,
pvhypo,casein,FT166,,,,,,,,,
pvhypo,casein,FT167,,,,,,,,,
pvhypo,casein,FT168,,,,,,,,,
pvhypo,malt,FT102,,,,,,,,,
pvhypo,malt,FT103,,,,,,,,,
pvhypo,malt,FT104,,,,,,,,,
pvhypo,malt,FT105,,,,,,,,,
pvhypo,malt,FT106,,,,,,,,,
pvhypo,malt,FT108,27903.875,10.25,32.5,2.75,38.342937921365646,113.719685921558,10.130369598464252,29.968479588044804,15.148520833102413
pvhypo,malt,FT109,24001.0,14.833333333333334,45.666666666666664,6.166666666666667,64.99900889810387,187.53748086006692,27.823436273640397,38.77609427609428,16.99775068130019
pvhypo,malt,FT110,27514.25,13.25,71.625,7.125,50.699826840158856,257.98641250403927,27.693159417068124,48.617331402257875,11.242947015725894
pvhypo,malt,FT111,25826.5,10.875,23.625,3.25,41.88876036142768,94.77260469885836,13.408802385267132,35.199765512265515,15.46669323323735
pvhypo,malt,FT112,,,,,,,,,
pvhypo,malt,FT114,28638.0,21.666666666666668,28.5,7.0,75.31498177517476,98.29890237530174,24.256577057696237,32.91845621889482,28.014290007190613
pvhypo,malt,FT116,,,,,,,,,
pvhypo,malt,FT118,,,,,,,,,
pvhypo,malt,FT119,23589.375,10.0,10.875,2.875,42.2068262055948,45.64898944748484,12.05278387383276,20.069444444444443,23.32251082251082
pvhypo,malt,FT120,,,,,,,,,
pvhypo,malt,FT126,,,,,,,,,
pvhypo,malt,FT127,,,,,,,,,
pvhypo,malt,FT128,,,,,,,,,
pvhypo,malt,FT131,,,,,,,,,
pvhypo,malt,FT133,,,,,,,,,
pvhypo,malt,FT134,,,,,,,,,
pvhypo,malt,FT136,,,,,,,,,
pvhypo,malt,FT137,,,,,,,,,
pvhypo,malt,FT138,,,,,,,,,
pvhypo,malt,FT139,,,,,,,,,
pvhypo,malt,FT140,28999.666666666668,17.0,10.166666666666666,3.0,60.21171374992763,35.384465590587006,11.00136634951682,14.026929860263195,24.589646464646464
pvhypo,malt,FT141,,,,,,,,,
pvhypo,malt,FT144,,,,,,,,,
pvhypo,malt,FT145,,,,,,,,,
pvhypo,malt,FT147,29139.666666666668,8.166666666666666,17.5,2.0,27.68061762870055,62.35837664219318,6.97419204204319,29.39814814814815,11.486612663083251
pvhypo,malt,FT148,,,,,,,,,
pvhypo,malt,FT149,28173.0,15.25,16.375,4.625,50.03128013639327,57.452622564059865,15.323995939618097,28.32470669427191,25.078404385469604
pvhypo,malt,FT150,,,,,,,,,
pvhypo,malt,FT151,,,,,,,,,
pvhypo,malt,FT153,,,,,,,,,
pvhypo,malt,FT154,,,,,,,,,
pvhypo,malt,FT155,,,,,,,,,
pvhypo,malt,FT157,,,,,,,,,
pvhypo,malt,FT161,29661.125,8.1875,31.125,2.5,29.113438360211806,102.38525177722492,8.272809433893654,26.307685370185368,8.809984558862116
pvhypo,malt,FT162,22162.0,4.166666666666667,5.75,1.0,18.235598369826285,26.675776150834782,4.504874311412824,24.74228152799581,21.12509534706331
pvhypo,malt,FT163,25629.571428571428,0.5714285714285714,0.7142857142857143,0.14285714285714285,2.034844395980883,2.7444285621011333,0.5536454786541986,25.0,12.5
pvhypo,malt,FT164,28900.0,0.0,1.6666666666666667,0.0,0.0,4.295643358505803,0.0,,0.0
pvhypo,malt,FT166,23638.0,0.5,1.5,0.0,2.2515423064799385,6.568599958755684,0.0,0.0,0.0
pvhypo,malt,FT167,,,,,,,,,
pvhypo,malt,FT168,21489.25,0.75,0.375,0.0,3.3524487214307834,1.7038113304705775,0.0,0.0,0.0
pvhypo,water,FT102,,,,,,,,,
pvhypo,water,FT103,23651.0,7.333333333333333,3.3333333333333335,0.6666666666666666,29.75122237502679,12.783931084639029,2.787469127419342,19.047619047619047,34.0
pvhypo,water,FT104,,,,,,,,,
pvhypo,water,FT105,27167.0,22.0,33.285714285714285,5.285714285714286,72.84388935353749,124.2427633755534,17.414497397069706,23.003881039595324,14.381025767613353
pvhypo,water,FT106,,,,,,,,,
pvhypo,water,FT108,,,,,,,,,
pvhypo,water,FT109,,,,,,,,,
pvhypo,water,FT110,,,,,,,,,
pvhypo,water,FT111,,,,,,,,,
pvhypo,water,FT112,27341.222222222223,28.88888888888889,21.11111111111111,7.0,104.59240802330838,79.61617755665091,25.074487044245856,22.948927009732184,33.68723431939219
pvhypo,water,FT114,,,,,,,,,
pvhypo,water,FT116,,,,,,,,,
pvhypo,water,FT118,,,,,,,,,
pvhypo,water,FT119,,,,,,,,,
pvhypo,water,FT120,,,,,,,,,
pvhypo,water,FT126,,,,,,,,,
pvhypo,water,FT127,25147.0,17.5,32.0,7.333333333333333,66.84180193462508,118.32667765610807,28.12994217040824,42.414529914529915,34.949552211456975
pvhypo,water,FT128,,,,,,,,,
pvhypo,water,FT131,24782.2,13.3,19.9,3.2,54.06352433583404,82.00051470163774,12.813524320139402,22.6493783993784,16.135190147029583
pvhypo,water,FT133,26094.466666666667,7.866666666666666,14.933333333333334,2.2,31.705738951722836,53.29605566322518,8.575405704027022,26.255335467520343,18.10321399031076
pvhypo,water,FT134,,,,,,,,,
pvhypo,water,FT136,23453.5,10.75,19.625,2.5,44.491578114150116,82.77518190167123,10.395798829581132,24.427083333333332,14.437197519661222
pvhypo,water,FT137,,,,,,,,,
pvhypo,water,FT138,21127.25,8.75,25.375,2.75,42.77576631214909,103.04263953341855,12.008557837345936,23.145424836601308,11.414283592844892
pvhypo,water,FT139,,,,,,,,,
pvhypo,water,FT140,,,,,,,,,
pvhypo,water,FT141,,,,,,,,,
pvhypo,water,FT144,,,,,,,,,
pvhypo,water,FT145,,,,,,,,,
pvhypo,water,FT147,,,,,,,,,
pvhypo,water,FT148,22032.5,13.75,18.875,5.0,61.44930069741898,87.55791398867555,24.387940513208562,38.020130679667844,23.524268494663232
pvhypo,water,FT149,,,,,,,,,
pvhypo,water,FT150,22504.333333333332,5.333333333333333,35.0,2.1666666666666665,24.995269656338774,150.58230001298838,10.115208799012711,43.43939393939394,9.718460870664876
pvhypo,water,FT151,,,,,,,,,
pvhypo,water,FT153,24144.333333333332,2.8333333333333335,1.1666666666666667,0.16666666666666666,11.840153942837091,4.801938812292634,0.7374957593993834,16.666666666666668,20.0
pvhypo,water,FT154,,,,,,,,,
pvhypo,water,FT155,20534.5,5.5,25.25,2.5,32.537209003109474,125.09742917788176,14.071925072618313,57.14285714285714,11.223118279569892
pvhypo,water,FT157,23969.0,15.5,17.833333333333332,3.5,70.33902845630627,77.52591380210528,16.420673933617245,18.86015325670498,17.157287157287158
pvhypo,water,FT161,,,,,,,,,
pvhypo,water,FT162,,,,,,,,,
pvhypo,water,FT163,,,,,,,,,
pvhypo,water,FT164,,,,,,,,,
pvhypo,water,FT166,,,,,,,,,
pvhypo,water,FT167,28682.0,1.6666666666666667,0.5,0.3333333333333333,5.4547897830873895,1.7454976129321675,1.1260801131489637,38.888888888888886,75.0
pvhypo,water,FT168,,,,,,,,,
pvthal,casein,FT102,0.0,0.0,0.0,0.0,,,,,
pvthal,casein,FT103,,,,,,,,,
pvthal,casein,FT104,33320.2,42.4,19.7,6.5,133.264836882078,58.29417304818306,20.61122095479546,15.182581558400994,36.148856811356815
pvthal,casein,FT105,,,,,,,,,
pvthal,casein,FT106,55576.75,55.875,49.5,13.0,102.6412960395145,95.38611237807251,26.58106141612132,25.465595523602623,27.095824375146066
pvthal,casein,FT108,,,,,,,,,
pvthal,casein,FT109,,,,,,,,,
pvthal,casein,FT110,,,,,,,,,
pvthal,casein,FT111,,,,,,,,,
pvthal,casein,FT112,,,,,,,,,
pvthal,casein,FT114,,,,,,,,,
pvthal,casein,FT116,45470.5,54.833333333333336,18.75,6.666666666666667,122.07313498060547,42.145924010791205,14.414319495779871,11.991720798528723,34.74835257503134
pvthal,casein,FT118,53287.57142857143,47.42857142857143,55.214285714285715,14.857142857142858,89.85977323626427,107.75754127497612,28.02703221960891,31.18308980154047,26.92408762229305
pvthal,casein,FT119,,,,,,,,,
pvthal,casein,FT120,47790.5,48.25,48.083333333333336,13.416666666666666,89.96931294617912,104.40173201014532,25.365194794759358,27.40999679444036,25.815062647944515
pvthal,casein,FT126,46160.5,60.25,39.5,13.916666666666666,131.6875637654419,83.0275115344979,30.634135694917756,23.2395089843253,37.764430620572575
pvthal,casein,FT127,,,,,,,,,
pvthal,casein,FT128,55357.0,69.6,73.8,23.3,123.98453778924696,138.20147401305877,41.99727262879863,33.90177013096297,30.470171469397474
pvthal,casein,FT131,,,,,,,,,
pvthal,casein,FT133,,,,,,,,,
pvthal,casein,FT134,44809.857142857145,45.714285714285715,44.642857142857146,13.0,101.3146437797255,98.2385589921754,27.52919834662372,27.103830023119205,28.207527173437594
pvthal,casein,FT136,,,,,,,,,
pvthal,casein,FT137,42140.166666666664,48.083333333333336,20.583333333333332,6.166666666666667,113.47217511686546,45.11263389662678,14.027621967894916,12.220177057434709,31.617777329787135
pvthal,casein,FT138,,,,,,,,,
pvthal,casein,FT139,47931.5,61.166666666666664,25.083333333333332,7.333333333333333,122.14038273576587,58.677220313856225,15.42152451809468,12.386343073444896,26.82837995337995
pvthal,casein,FT140,,,,,,,,,
pvthal,casein,FT141,,,,,,,,,
pvthal,casein,FT144,,,,,,,,,
pvthal,casein,FT145,45070.083333333336,46.0,47.666666666666664,14.083333333333334,96.80510679313642,106.66184181875558,28.62751145519572,29.177693821621002,27.721873353741415
pvthal,casein,FT147,,,,,,,,,
pvthal,casein,FT148,,,,,,,,,
pvthal,casein,FT149,,,,,,,,,
pvthal,casein,FT150,,,,,,,,,
pvthal,casein,FT151,44932.0,45.785714285714285,32.42857142857143,10.071428571428571,101.25219532917133,71.70627296459497,21.71362383184774,22.108295217732046,31.55443739750951
pvthal,casein,FT153,,,,,,,,,
pvthal,casein,FT154,35499.166666666664,49.75,43.0,15.083333333333334,139.0908896950384,118.05766723335864,42.16708351373969,30.067271885798423,35.73324821015527
pvthal,casein,FT155,,,,,,,,,
pvthal,casein,FT157,,,,,,,,,
pvthal,casein,FT161,,,,,,,,,
pvthal,casein,FT162,,,,,,,,,
pvthal,casein,FT163,,,,,,,,,
pvthal,casein,FT164,,,,,,,,,
pvthal,casein,FT166,,,,,,,,,
pvthal,casein,FT167,,,,,,,,,
pvthal,casein,FT168,,,,,,,,,
pvthal,malt,FT102,,,,,,,,,
pvthal,malt,FT103,,,,,,,,,
pvthal,malt,FT104,,,,,,,,,
pvthal,malt,FT105,,,,,,,,,
pvthal,malt,FT106,,,,,,,,,
pvthal,malt,FT108,47800.57142857143,46.285714285714285,49.714285714285715,11.285714285714286,95.47833386001251,103.61945812159907,23.047740328454697,22.97071526786652,23.030154801681327
pvthal,malt,FT109,48691.25,51.125,40.5,8.875,98.7256750657762,86.75800651612965,19.72305231810083,19.94742773321962,23.825969469832646
pvthal,malt,FT110,39882.666666666664,40.625,50.083333333333336,11.208333333333334,102.60852476127745,129.8287832296643,28.75376943777796,27.52438564356665,23.503542495337598
pvthal,malt,FT111,48984.166666666664,51.166666666666664,43.25,11.166666666666666,108.82495307327007,91.9875739431126,24.001448190412734,21.658681667920813,26.105081798815817
pvthal,malt,FT112,,,,,,,,,
pvthal,malt,FT114,52017.0,53.5,27.142857142857142,9.571428571428571,109.4964561163213,57.14946721920704,19.978527132733962,17.908764958643427,34.55316191675844
pvthal,malt,FT116,,,,,,,,,
pvthal,malt,FT118,,,,,,,,,
pvthal,malt,FT119,46086.666666666664,40.666666666666664,24.333333333333332,7.166666666666667,90.8816396701057,51.13883596669723,13.954793879959917,15.524336601326683,26.081301739196476
pvthal,malt,FT120,,,,,,,,,
pvthal,malt,FT126,,,,,,,,,
pvthal,malt,FT127,,,,,,,,,
pvthal,malt,FT128,,,,,,,,,
pvthal,malt,FT131,,,,,,,,,
pvthal,malt,FT133,,,,,,,,,
pvthal,malt,FT134,,,,,,,,,
pvthal,malt,FT136,,,,,,,,,
pvthal,malt,FT137,,,,,,,,,
pvthal,malt,FT138,,,,,,,,,
pvthal,malt,FT139,,,,,,,,,
pvthal,malt,FT140,47119.545454545456,55.18181818181818,24.181818181818183,7.909090909090909,116.97569761758686,51.192646526257825,17.566257064790996,15.035403712808101,34.08222269958831
pvthal,malt,FT141,,,,,,,,,
pvthal,malt,FT144,,,,,,,,,
pvthal,malt,FT145,,,,,,,,,
pvthal,malt,FT147,49854.71428571428,49.0,34.214285714285715,10.5,91.87589023797666,67.81504516529458,19.45781489372157,21.12867954984694,28.932562450491652
pvthal,malt,FT148,,,,,,,,,
pvthal,malt,FT149,42812.5,52.416666666666664,43.666666666666664,15.5,117.98257472894001,110.29490659941807,35.12579001429952,30.418047916275572,33.05634121222943
pvthal,malt,FT150,,,,,,,,,
pvthal,malt,FT151,,,,,,,,,
pvthal,malt,FT153,,,,,,,,,
pvthal,malt,FT154,,,,,,,,,
pvthal,malt,FT155,,,,,,,,,
pvthal,malt,FT157,,,,,,,,,
pvthal,malt,FT161,49285.307692307695,50.88461538461539,44.92307692307692,12.423076923076923,101.65789369304672,93.587437520248,25.47950687735297,24.710869851015595,28.05776568274547
pvthal,malt,FT162,40581.90909090909,18.136363636363637,11.409090909090908,3.9545454545454546,46.34090329286682,27.3405234213385,9.719653450367552,18.03771735804793,25.898371998372
pvthal,malt,FT163,36471.0,15.846153846153847,13.0,4.230769230769231,31.329861107854786,28.81074512368611,8.29289395387774,36.470914009916854,21.130710198892015
pvthal,malt,FT164,49388.357142857145,10.357142857142858,10.357142857142858,1.8571428571428572,17.60992855206115,18.541996063316116,3.253031472969223,29.390338320819605,14.66010733452594
pvthal,malt,FT166,44987.71428571428,10.357142857142858,3.2857142857142856,0.9285714285714286,18.726967866760244,7.173633622542362,1.8091459178906555,12.331800644786215,21.01010101010101
pvthal,malt,FT167,,,,,,,,,
pvthal,malt,FT168,48673.833333333336,9.333333333333334,3.6666666666666665,0.5833333333333334,19.75362862705417,7.692892887902314,1.2706525344010318,4.519721673254281,14.484126984126984
pvthal,water,FT102,,,,,,,,,
pvthal,water,FT103,41966.857142857145,56.785714285714285,7.857142857142857,2.0,145.1980959409733,17.839357299015614,4.977086010926587,3.255806950765055,25.602324263038547
pvthal,water,FT104,,,,,,,,,
pvthal,water,FT105,52655.36363636364,72.72727272727273,56.45454545454545,16.454545454545453,146.81019539904736,113.82811129204389,32.47289284524918,22.470543702359656,29.267590145522487
pvthal,water,FT106,,,,,,,,,
pvthal,water,FT108,,,,,,,,,
pvthal,water,FT109,,,,,,,,,
pvthal,water,FT110,,,,,,,,,
pvthal,water,FT111,,,,,,,,,
pvthal,water,FT112,44159.933333333334,52.2,46.13333333333333,13.466666666666667,113.90418692470386,115.0658737309815,29.567972204144066,25.807482785871567,26.4681283038244
pvthal,water,FT114,,,,,,,,,
pvthal,water,FT116,,,,,,,,,
pvthal,water,FT118,,,,,,,,,
pvthal,water,FT119,,,,,,,,,
pvthal,water,FT120,,,,,,,,,
pvthal,water,FT126,,,,,,,,,
pvthal,water,FT127,47176.333333333336,51.416666666666664,53.0,14.25,112.75459366527537,114.0620304529398,31.318391412735483,27.99765889029935,27.46050084574387
pvthal,water,FT128,,,,,,,,,
pvthal,water,FT131,46161.166666666664,54.333333333333336,52.166666666666664,16.416666666666668,125.44324908521708,115.11946443308659,37.728240069811704,29.99296810156588,33.09377959356687
pvthal,water,FT133,48075.32,31.52,29.04,8.52,64.2252530276176,61.20983611156428,18.696767511993286,25.25000915378088,27.301336817070386
pvthal,water,FT134,,,,,,,,,
pvthal,water,FT136,39884.333333333336,48.416666666666664,41.583333333333336,12.416666666666666,122.13283823954083,102.60160096090745,31.425624555607513,25.501641364981847,30.7825247284415
pvthal,water,FT137,,,,,,,,,
pvthal,water,FT138,49748.166666666664,66.41666666666667,44.0,13.666666666666666,130.91041426283257,93.46468998775873,26.41522121661724,20.173233484870604,28.68418640488714
pvthal,water,FT139,,,,,,,,,
pvthal,water,FT140,,,,,,,,,
pvthal,water,FT141,,,,,,,,,
pvthal,water,FT144,,,,,,,,,
pvthal,water,FT145,,,,,,,,,
pvthal,water,FT147,,,,,,,,,
pvthal,water,FT148,46720.857142857145,53.714285714285715,48.857142857142854,14.571428571428571,118.86505279858373,106.14448884554898,33.50005346088259,27.96755559667346,31.440998485275635
pvthal,water,FT149,,,,,,,,,
pvthal,water,FT150,43944.57142857143,46.642857142857146,59.92857142857143,16.571428571428573,118.90454921019416,146.83264022100653,41.418730780898784,36.28519715306368,28.149123739740396
pvthal,water,FT151,,,,,,,,,
pvthal,water,FT153,38588.2,41.7,9.0,2.4,112.59787631085138,23.742090387753972,5.606193678757556,5.054760587650394,23.393939393939394
pvthal,water,FT154,,,,,,,,,
pvthal,water,FT155,42176.833333333336,56.166666666666664,32.583333333333336,10.666666666666666,132.5301763016357,78.23694632364202,23.916224653402875,17.85337536585533,31.698576866644093
pvthal,water,FT157,45620.28571428572,57.42857142857143,27.285714285714285,8.928571428571429,139.08961742001532,59.7732709351658,19.225106279829493,14.608608731707907,32.3615774132415
pvthal,water,FT161,,,,,,,,,
pvthal,water,FT162,,,,,,,,,
pvthal,water,FT163,,,,,,,,,
pvthal,water,FT164,,,,,,,,,
pvthal,water,FT166,,,,,,,,,
pvthal,water,FT167,34225.666666666664,8.5,6.333333333333333,1.4166666666666667,18.713742526481372,14.04943597950696,3.0949524433328253,13.952840035157108,20.116809116809115
pvthal,water,FT168,,,,,,,,,
